<?xml version="1.0" encoding="UTF-8"?>
<c3p0-config>
	<default-config>
		<property name="driverClass">com.mysql.jdbc.Driver</property>
		<property name="jdbcUrl">jdbc:mysql://localhost:3306/yoyo?useUnicode=true&amp;characterEncoding=utf-8&amp;useSSL=false&amp;serverTimezone=Asia/Shanghai</property>
		<property name="user">root</property>
		<property name="password">root</property>
		<property name="initialPoolSize">5</property>
		<property name="maxPoolSize">10</property>
	</default-config>
</c3p0-config>